{
    "orders": [
      {
        "order_id": "12345",
        "customer_name": "John Doe",
        "order_date": "2024-12-20T14:30",
        "total_price": 75.99,
        "products": [
          {
            "product_id": "P001",
            "product_name": "Widget A",
            "quantity": 2,
            "unit_price": 29.99
          },
          {
            "product_id": "P002",
            "product_name": "Widget B",
            "quantity": 1,
            "unit_price": 16.99
          }
        ]
      },
      {
        "order_id": "67890",
        "customer_name": "Jane Smith",
        "order_date": "2024-12-21T10:15",
        "total_price": 42.50,
        "products": [
          {
            "product_id": "P003",
            "product_name": "Widget C",
            "quantity": 3,
            "unit_price": 12.50
          }
        ]
      },
      {
        "order_id": "67890",
        "customer_name": "Jane Lot",
        "order_date": "2024-12-21T10:15",
        "total_price": 50.25,
        "products": [
          {
            "product_id": "P003",
            "product_name": "Widget D",
            "quantity": 4,
            "unit_price": 12.50
          }
        ]
      },
      {
        "order_id": "67890",
        "customer_name": "Jane Lot",
        "order_date": "2024-12-21T10:15",
        "total_price": 50.25,
        "products": [
          {
            "product_id": "P003",
            "product_name": "Widget D",
            "quantity": 4,
            "unit_price": 12.50
          }
        ]
      },{
        "order_id": "67890",
        "customer_name": "Jane Lot",
        "order_date": "2024-12-21T10:15",
        "total_price": 50.25,
        "products": [
          {
            "product_id": "P003",
            "product_name": "Widget D",
            "quantity": 4,
            "unit_price": 12.50
          }
        ]
      }
    ]
  }
  