{
    "Favourites": [
        {
            "title": "Multi coloured Nike unisex trainers",
            "size": "45",
            "money": 99.00,
            "picha": "assets/tracking.png"
          },
          {
            "title": "Corporate mid heeled pumps \nfor work",
            "size": "41",
            "money": 99.00,
            "picha": "assets/tracking.png"
          },
          {
            "title": "Simple tennis shoes for \noutdoors",
            "size": "45",
            "money": 99.00,
            "picha": "assets/tracking.png"
          },
          {
            "title": "meow",
            "size": "39",
            "money": 99.0,
            "picha": "assets/tracking.png"
          },
          {
            "title": "meow",
            "size": "39",
            "money": 99.0,
            "picha": "assets/tracking.png"
          },
          {
            "title": "meow",
            "size": "39",
            "money": 99.0,
            "picha": "assets/tracking.png"
          }
    ]
}